Name,Price,Description of product,Original URL,Keywords,Stretch goals,Alternative sizes or colors available
Stonewashed Organic Cotton Percale Sheet Set,$143 (was $179),"Loomed in India 61 reviews Sleep a little easier in this crisp, breathable percale bedding set that gets softer with every wash. Set includes: -1 flat sheet -1 fitted sheet -2 pillowcases Loomed at a fair trade mill in Bangalore, India, this percale bedding is crafted from 100% organic, long-staple cotton. Sourcing their materials from local family farms, this workshop holds every sheet to the highest standards, stonewashing each piece for an effortlessly soft finish. Each piece is Oeko-Tex® and Global Organic Textile Standard (GOTS) certified. All made in a fair trade environment. Pair with our fan-favorite [cotton gauze layering pieces](https://www.the-citizenry.com/collections/organic-cotton-gauze-bedding ""Organic Cotton Gauze Bedding""). Want to see our bedding for yourself? Go on and test out our [cotton percale swatches](https://www.the-citizenry.com/products/organic-stonewashed-percale-swatches).",https://www.the-citizenry.com/collections/all/products/organic-stonewashed-sheet-set,"Artisan, Sustainable, Organic","Stonewashed Organic Cotton Percale Pillowcases, Stonewashed Organic Cotton Percale Duvet Cover, Stonewashed Organic Cotton Percale Shams, Organic Cotton Gauze Bed Blanket, Organic Cotton Gauze Duvet Set, Stonewashed Linen Quilt, Stonewashed Linen Duvet Cover, Signature Down-Alternative Pillow, Stonewashed Organic Cotton Percale Euro Shams, Organic Cotton Gauze Quilt, Stonewashed Linen Sheet Set, Stonewashed Linen Shams, Organic Resort Cotton Sheet Set, Stonewashed Organic Cotton Percale Fitted Sheet, Ayla Organic Cotton Quilted Bed Blanket, Stonewashed Linen Pillowcases, Naya Organic Cotton Quilted Bed Blanket, Organic Resort Cotton Pillowcases, Signature Down-Alternative Duvet Insert, Alegria Organic Cotton Quilted Bed Blanket","olive, Full, Queen, King, Cal King, White, Warm Grey, Blush, Seaglass, Aegean, Ivory, French Blue"
Torres Round Leather Ottoman - Medium & Large,$799,"Equal parts modern and timeless, this leather ottoman instantly ups the game of your living area or bedroom with its buttery-soft leather and handcrafted details. Thanks to its sturdy, padded wood frame, style as extra seating or as coffee tables. Available in two sizes and three hues, let them fly solo or mix together depending on the size and scale of your room (spoiler alert: the large ottoman is pretty hefty). Handcrafted with vegetable-tanned cow leather ethically sourced from Alcanena, Portugal, a small town known as “The Land of Leather.” All made start-to-finish in a fair trade environment.",https://www.the-citizenry.com/collections/all/products/torres-leather-ottoman-multiple-sizes,,"Torres Round Leather Ottoman - Small, Laurel Bed with High Footboard, Bay Armchair, Hinoki Wood Side Table, Drift Bed, Leela Wood Side Table, Mishka Wood Side Table, Laurel Bed with Low Footboard, Ora Wicker Side Table, Avon Nightstand, Ravi Platform Bed, Manai Woven Nightstand, Torres Square Leather Ottoman - Medium & Large, Mayra Marble Side Table, Kovai Wood Stool, Prina Wood Coffee Table, Hinoki Wood Ladder, Sanjay Ottoman - Medium & Large, Torres Square Leather Ottoman - Small, Torres Leather Storage Ottoman - Medium & Large","Medium, Large, Set - 1 ea., caramel, olive, natural"
Aegean Cotton Bath Towels,$38,"Part cotton, part relaxed linen. These lightweight, breathable towels are the best of both worlds. Perfectly plush. Effortlessly elegant. A breathable blend of cotton and relaxed linen, these luxe bath towels add a decadent touch to your bath rituals. With a lightweight waffle weave exterior and plush terry cloth interior, these soft towels combine the best of both worlds. And because we’re all about the details, we added a subtle eyelash fringe detailing to make these feel extra special. Loomed from long-staple cotton and relaxed linen in the Aegean region of Turkey, each piece is Oeko-Tex® certified, ensuring our towels are safe and non-toxic. From sourcing to finishing and every step in between, each piece is made sustainably in a fair trade working environment. Note: Each set includes two towels – two face towels/washcloths, two hand towels, two bath towels, or two bath sheets.",https://www.the-citizenry.com/collections/all/products/aegean-cotton-bath-towels,Artisan,Add a premium gift box - $9,"Face Towels, Hand Towels, Bath Towels, Bath Sheets, White, Light Grey, Tan, Black"
Cascada Alpaca Throw,$132.30 (was $189),"Handwoven in the Andes Mountains, an irresistibly soft alpaca blanket in a serene colorway.",https://www.the-citizenry.com/collections/all/products/cascada-throw,Artisan,,"Throw, Shades of blue, grey and cream"
Contigo Lumbar Pillow,$299,"Classic design with incredibly soft wool, this hand-loomed lumbar adds the ultimate luxe layer. This pillow comes ready to style with a down alternative insert. Timeless, luxurious, and the perfect cozy layer for cooler temps – say hello to your new handsome bedfellow. The warm hue of sand and hand-loomed detailing make it a perfect addition to any room, whether as a focal point or a finishing touch. And the thick texture of the soft Peruvian alpaca and highland wool makes this pillow a must for cozying up. Each pillow is handwoven by a group of master artisans in Lima, Peru. All made start-to-finish in a fair trade environment. **This pillow comes ready to style. Cruelty-free down alternative insert included.**",https://www.the-citizenry.com/collections/all/products/contigo-lumbar-pillow-sand,Artisan,,"sand, 12'' x 48'', 12'' x 30''"
Azad Low Leather Storage Bin,$229,"Luxe, ethically sourced leather, hand-stitched to perfection. Storage bins never looked this good. Hello, handsome. Handcrafted with luxe, ethically sourced leather, our low leather storage bins make organization look effortlessly cool. Designed with a unique fold construction and wide base, these bins are perfect for stashing toys, books, or pillows. Bonus: these bins also double as a (very luxurious) dog bed. Made from ethically-sourced leather from Kolkata, each basket is handcrafted in a leather workshop in Gurgaon. Since this is a natural product, each basket is one-of-a-kind – expect variation in markings. Made start-to-finish in a fair trade environment. Also available in [tall size](https://www.the-citizenry.com/products/azad-tall-leather-storage-bins ""Azad Tall Leather Baskets in Natural and Black Leather"").",https://www.the-citizenry.com/products/azad-low-leather-storage-bin,,tall size,"black, Natural, Set of 2"
The Citizenry Digital Gift Voucher,$25,"GIVE THE GIFT THAT WILL ALWAYS</b> FIT THEIR STYLE. Give the gift of artisanal craftsmanship and global inspiration, allowing the recipient to add an elevated touch to their space. Want to add to the story? Personalize it with a message that will be sent along with the card on the date of your choice.",https://www.the-citizenry.com/collections/all/products/gift-card,Artisan,"The Citizenry Gift Voucher, Stonewashed Linen Sheet Set, Stonewashed Linen Duvet Cover, Stonewashed Linen Quilt, Stonewashed Linen Pillowcases, Stonewashed Organic Cotton Percale Sheet Set, Linen Bedding Swatches, Stonewashed Linen Shams, Stonewashed Linen Fitted Sheet, Imabari Waffle Towels, Mara Organic Waffle Towels, Eco-Friendly Rug Pad, Stonewashed Organic Cotton Percale Pillowcases, Stonewashed Organic Cotton Percale Duvet Cover, Naveta Velvet Pillow, Stonewashed Linen Euro Shams, Hinoki Wood Floor Mirror, Aegean Cotton Bath Towels, Organic Cotton Gauze Bed Blanket, Naveta Velvet Small Lumbar Pillow","$25, $50, $75, $100, $150, $250, $500, $1,000"
Organic Cotton Gauze Duvet Set,$223 (was $279),"Extra fluffy and perfectly textured, create a relaxed bedroom oasis with our gauze duvet cover. Made with four layers of airy cotton, this soft gauze bedding is extra fluffy and perfectly textured for a relaxed, effortless look. Lightweight and breathable, it's the ideal layer for creating an extra comfy, cozy-up bed. For the ultimate laid-back style, pair with our organic stonewashed percale sheet sets. Set includes: - 1 Duvet Cover - 2 Shams",https://www.the-citizenry.com/collections/all/products/organic-cotton-gauze-duvet-set,"Artisan, Sustainable, Organic","Organic Cotton Gauze Shams, Stonewashed Organic Cotton Percale Sheet Set, Stonewashed Organic Cotton Percale Pillowcases, Stonewashed Linen Sheet Set, Organic Cotton Gauze Quilt, Organic Cotton Gauze Bed Blanket, Signature Down-Alternative Duvet Insert, Stonewashed Organic Cotton Percale Duvet Cover, Naya Organic Cotton Quilted Bed Blanket, Signature Down-Alternative Duvet Set, Stonewashed Organic Cotton Percale Fitted Sheet, Organic Resort Cotton Sheet Set, Stonewashed Linen Duvet Cover, Organic Resort Cotton Fitted Sheet, Organic Resort Cotton Pillowcases, Araz Bed Blanket, Stonewashed Organic Cotton Percale Shams, Stonewashed Linen Quilt, Stonewashed Linen Shams, Stonewashed Linen Pillowcases","Full/Queen, King/Cal King, mineral, mulberry, tan, white, charcoal, stone-grey, olive"
Rivi Storage Basket,$189,"Crafted by hand from mulaza palm leaves, these woven storage baskets with lids are both beautiful and functional.",https://www.the-citizenry.com/products/rivi-storage-basket,Artisan,"Totora Storage Basket, Kawi Wicker Storage Basket, Mercado Hampers, Totora Floor Basket, Bolga Storage Baskets, Mercado Floor Baskets, Merapi Storage Baskets, Mercado Storage Cube, Mercado Storage Baskets - Round, Mercado Storage Baskets - Square, Azad Tall Leather Storage Bins, Kawi Wicker Floor Basket, Ziwa Oversized Basket, Azad Low Leather Storage Bin, Nyumba Baskets, Bolga Floor Baskets, Kawi Wicker Hamper, Bolga Tall Basket, Azad Tall Leather Storage Bins - Black, Padma Rectangle Storage Baskets","Medium, Large, Oversized, Set of 2 - M&L, Set of 3 - M&L&O"
Organic Cotton Gauze Quilt,$239 (was $299),"The finishing touch to your bedroom oasis? An extra soft, perfectly textured gauze quilt loomed from fully traceable cotton. Incredibly soft and fluffy, these extra plush gauze quilts are pretty dreamy. Made with multiple layers of lightweight cotton and quilted for added thickness, this luxurious layer elevates the look of your bedroom with its textured feel and stitched detailing. Made using fully traceable cotton from the Aegean region of Turkey, rest assured that from sourcing to finishing and every step in between, each fiber is made in the most sustainable way possible. All Oeko-Tex® and Global Organic Textile Standard (GOTS) certified.",https://www.the-citizenry.com/collections/all/products/organic-cotton-quilt,"Sustainable, Organic",,"stone grey, Full/Queen, King/Cal King"
Padma Rectangle Storage Baskets,$119,"A material known for its durability, the hogla leaf of Bangladesh was practically born to stash, stow, and corral clutter.",https://www.the-citizenry.com/products/padma-rectangle-storage-baskets,,,"Small, Medium, Large, Oversized, Set of 2 - M&L, Set of 3 - M&L&O"
Nevado Alpaca Throw,$189,"Add some drama with this moody charcoal throw, handcrafted from soft baby alpaca. Rich charcoal hue, accented with intricate patterns, this luxe throw will instantly elevate the look of your bed or couch. Not to mention, this beauty is velvety soft. Hand-loomed from baby alpaca, it’s destined to become your go-to for cozying up on chilly nights. Crafted by master weavers in a quiet mountain village in the Peruvian Andes, each throw takes about a week to complete. All made exclusively in a fair trade environment. Note: Alpaca wool is naturally hypoallergenic, so this throw is ideal for those with allergies or sensitive skin.",https://www.the-citizenry.com/collections/all/products/nevado-alpaca-throw-blanket,,,charcoal
Totora Storage Basket,$159,"Rustic meets modern in this round woven storage basket. Sustainably made with natural totora reeds. Add a natural element to your space with these woven storage baskets. Thanks to the incredibly durable totora reed (a material used to build fishing boats), these designs are made to withstand it all. Not to mention, these baskets are total statement makers with their extra chunky weave and braided handles. Handwoven in the homes of master artisans in Lima, Peru, each basket undergoes a meticulous weaving process that takes up to a day to complete. Exclusively made in a fair trade working environment. **Note:** Due to the handwoven nature of these baskets, expect some variation in size, shape, and color.",https://www.the-citizenry.com/products/totora-storage-basket,Artisan,"https://images.dashhudson.com/aHR0cHM6Ly9jZG4uZGFzaGh1ZHNvbi5jb20vbWVkaWEvZnVsbC8xNzIzMTY5Mjk1Ljk4MjUyODQzMTY1Mi5qcGVn?w=640&h=640&fit=cover, https://images.dashhudson.com/aHR0cHM6Ly9jZG4uZGFzaGh1ZHNvbi5jb20vbWVkaWEvZnVsbC8xNzA3NzkyNjIzLjY2NjIzNTI4NjE5OC5qcGVn?w=640&h=640&fit=cover","Medium, Large, Oversized, Set of 2 - M&L, Set of 3 - M&L&O"
Aurora Alpaca Throw,$189,"Handwoven in Peru 16 reviews Hand-loomed in a contrasting grid of the most perfect neutrals, this alpaca throw is an instant modern classic.",https://www.the-citizenry.com/collections/all/products/aurora-alpaca-throw,Artisan,"Esperanza Alpaca Throw, Paloma Alpaca Throw, Celeste Chunky Wool Throw, Cascada Alpaca Throw, Primavera Alpaca Throw, Cuadra Alpaca Throw, La Calle Alpaca Throw, La Brisa Alpaca Throw, Nevado Alpaca Throw, Marisol Alpaca Throw, Mullins Mohair Throw, Selva Alpaca Throw, Diamanta Alpaca Throw, Contigo Chunky Wool Throw, Palabra Alpaca Throw, El Mar Alpaca Throw, Risas Luxe Wool Throw, Maeve Merino Throw, La Calle Alpaca Throw, Adriano Alpaca Throw","Sand, light grey, ecru"
Stonewashed Linen Sheet Set,$295 (was $369),"Oh-so-soft French linen sheet sets give beauty sleep a whole new meaning. Set includes: - 1 flat sheet - 1 fitted sheet - 2 pillowcases Made using only the finest French flax and woven in the oldest, family-run linen mill in Portugal, each piece is Oeko-Tex® certified and made sustainably in a fair trade working environment. Want to see our bedding for yourself? Go on and test out our linen fabric swatches.",https://www.the-citizenry.com/products/stonewashed-linen-sheet-sets,,,"Full, Queen, King, Cal King"
Tikal Wood Bud Vase,$89,"Small but mighty, a petite bud vase handcrafted from Guatemalan Granadillo wood.",https://www.the-citizenry.com/products/tikal-wood-bud-vase,"FSC, Handmade, Artisan","Shaila Wall Hanging, Tikal Wood Serving Board - Arch, Hansa Vase, Faliza Vase, Tikal Wood Serving Bowl, Dasar Brass Bookend, Laguna Wall Hanging, Tikal Round Wood Tray, Lomas Wall Hanging, Beeswax Taper Candles - Set of 2, Alameda Vase, Terranova Vase, Hinoki Wood Floor Mirror, Vati Vase, Tikal Wood Serving Board - Round, Vista Wall Hanging - Portrait, Vallarta Vase, Tikal Wood Serving Board - With Handle, Veeha Glass Candle Holders - Set of 2, Binita Vase",Granadillo – Dark Brown
Tejal Handwoven Area Rug,$699.30 (was $999),An eye-catching pattern in a palette that gives off desert vibes. Meet the rug that’s a total room maker. sunset,https://www.the-citizenry.com/products/tejal-flatweave-area-rug-multi,Artisan,"Eco-Friendly Rug Pad, Agustin Handwoven Accent Rug, Aditha Handwoven Jute Area Rug, Parthiv Handwoven Jute Area Rug, Rahi Hand-Knotted Accent Rug, Artha Handwoven Striped Area Rug, Lalita Hand-Knotted Area Rug, Ritu Handwoven Accent Rug, Sabina Handwoven Jute Area Rug, Bandera Handwoven Accent Rug, Elora Jute Accent Rug, Nehal Handwoven Area Rug, Artha Handwoven Striped Accent Rug, Hanita Hand-Knotted Accent Rug, Anita Jute Accent Rug, Naira Handwoven Jute Area Rug, Bhakti Handwoven Area Rug, Adini Hand-Knotted Area Rug, Jasmit Handwoven Area Rug, Lata Hand-Knotted Area Rug","6' x 9', 8' x 10', 9' x 12', 10' x 14'"
Mercado Storage Baskets - Square,$145,"Hand-braided palm with leather details. These square storage baskets are as beautiful as they are functional. Each basket takes about three days to complete. All made start-to-finish by a fair trade cooperative in Guerrero, Mexico. Medium - 14""W x 14""D x 14""H Large - 16.5""W x 16.5""D x 16.5""H Oversized - 18""W x 18""D x 20""H Since each basket is handwoven, please expect some slight variation in size. Hand-braided palm leaves Natural Mexico 3 days",https://www.the-citizenry.com/products/mercado-storage-basket,,"https://images.dashhudson.com/aHR0cHM6Ly9jZG4uZGFzaGh1ZHNvbi5jb20vbWVkaWEvZnVsbC8xNzI2MDY5MDU3LjY4MTQxNzg2Mjc2LmpwZWc=.jpg?w=640&h=640&fit=cover, https://images.dashhudson.com/aHR0cHM6Ly9jZG4uZGFzaGh1ZHNvbi5jb20vbWVkaWEvZnVsbC8xNzI2MDY5MDU3LjAzNTI1MjgzNjc3Ni5qcGVn.jpg?w=640&h=640&fit=cover, https://images.dashhudson.com/aHR0cHM6Ly9jZG4uZGFzaGh1ZHNvbi5jb20vbWVkaWEvZnVsbC8xNzI2MDY5MDU3LjE1MjQ5NTkyOTc5Mi5qcGVn.jpg?w=640&h=640&fit=cover, https://images.dashhudson.com/aHR0cHM6Ly9jZG4uZGFzaGh1ZHNvbi5jb20vbWVkaWEvZnVsbC8xNzI2MDY5MDU2Ljk5NjUzMTc5MTQ4Ni5qcGVn.jpg?w=640&h=640&fit=cover, https://images.dashhudson.com/aHR0cHM6Ly9jZG4uZGFzaGh1ZHNvbi5jb20vbWVkaWEvZnVsbC8xNzI2MDY5MDU3LjI2MTIwMTY3NTM1NC5qcGVn.jpg?w=640&h=640&fit=cover, https://images.dashhudson.com/aHR0cHM6Ly9jZG4uZGFzaGh1ZHNvbi5jb20vbWVkaWEvZnVsbC8xNzI2MDY5MDU2Ljk5MzA0NjM4ODUwOS5qcGVn.jpg?w=640&h=640&fit=cover, https://images.dashhudson.com/aHR0cHM6Ly9jZG4uZGFzaGh1ZHNvbi5jb20vbWVkaWEvZnVsbC8xNzI2MDY5MDU2Ljk5MzMxNTA0MjQxOC5qcGVn.jpg?w=640&h=640&fit=cover, https://images.dashhudson.com/aHR0cHM6Ly9jZG4uZGFzaGh1ZHNvbi5jb20vbWVkaWEvZnVsbC8xNzI2MDY5MDU2LjM2MjY2NjEyODgzMy5qcGVn.jpg?w=640&h=640&fit=cover, https://images.dashhudson.com/aHR0cHM6Ly9jZG4uZGFzaGh1ZHNvbi5jb20vbWVkaWEvZnVsbC8xNzI2MDY5MDU2LjYxMzQ5OTk3NTU2MS5qcGVn.jpg?w=640&h=640&fit=cover, https://images.dashhudson.com/aHR0cHM6Ly9jZG4uZGFzaGh1ZHNvbi5jb20vbWVkaWEvZnVsbC8xNzI2MDY5MDU2LjU0NjQ4NDI3OTU2Ni5qcGVn.jpg?w=640&h=640&fit=cover, https://images.dashhudson.com/aHR0cHM6Ly9jZG4uZGFzaGh1ZHNvbi5jb20vbWVkaWEvZnVsbC8xNzI2MDY5MDU1Ljk4NjMzMjQ0MTY4MC5qcGVn.jpg?w=640&h=640&fit=cover, https://images.dashhudson.com/aHR0cHM6Ly9jZG4uZGFzaGh1ZHNvbi5jb20vbWVkaWEvZnVsbC8xNzI2MDY5MDU2LjYzNTY0Nzg5MjYwMS5qcGVn.jpg?w=640&h=640&fit=cover, https://images.dashhudson.com/aHR0cHM6Ly9jZG4uZGFzaGh1ZHNvbi5jb20vbWVkaWEvZnVsbC8xNzI2MDY5MDU2Ljc3OTcxMzY4MTQwNy5qcGVn.jpg?w=640&h=640&fit=cover, https://images.dashhudson.com/aHR0cHM6Ly9jZG4uZGFzaGh1ZHNvbi5jb20vbWVkaWEvZnVsbC8xNzI2MDY5MDU2LjY1NjU4Mzg0NjQ0LmpwZWc=.jpg?w=640&h=640&fit=cover, https://images.dashhudson.com/aHR0cHM6Ly9jZG4uZGFzaGh1ZHNvbi5jb20vbWVkaWEvZnVsbC8xNzI2MDYzOTI2LjI3MDQ3NDc0MDgxMS5qcGVn.jpg?w=640&h=640&fit=cover, https://images.dashhudson.com/aHR0cHM6Ly9jZG4uZGFzaGh1ZHNvbi5jb20vbWVkaWEvZnVsbC8xNzI2MDYzOTI2LjA5NzA2OTc0MzA3OS5qcGVn.jpg?w=640&h=640&fit=cover, https://images.dashhudson.com/aHR0cHM6Ly9jZG4uZGFzaGh1ZHNvbi5jb20vbWVkaWEvZnVsbC8xNzI2MDYzOTI2LjEyODk4NTQxMTgxNS5qcGVn.jpg?w=640&h=640&fit=cover, https://images.dashhudson.com/aHR0cHM6Ly9jZG4uZGFzaGh1ZHNvbi5jb20vbWVkaWEvZnVsbC8xNzI2MDYzOTI2LjUwODEyMzkzMjE5LmpwZWc=.jpg?w=640&h=640&fit=cover, https://images.dashhudson.com/aHR0cHM6Ly9jZG4uZGFzaGh1ZHNvbi5jb20vbWVkaWEvZnVsbC8xNzI2MDYzOTI2LjQxMjg0MDEyOTM3Mi5qcGVn.jpg?w=640&h=640&fit=cover, https://images.dashhudson.com/aHR0cHM6Ly9jZG4uZGFzaGh1ZHNvbi5jb20vbWVkaWEvZnVsbC8xNzI2MDYzOTI2LjE4ODk4MzI2MTA0LmpwZWc=.jpg?w=640&h=640&fit=cover, https://images.dashhudson.com/aHR0cHM6Ly9jZG4uZGFzaGh1ZHNvbi5jb20vbWVkaWEvZnVsbC8xNzI2MDYzOTI2LjMxNTA1MDgyNDk0MS5qcGVn.jpg?w=640&h=640&fit=cover, https://images.dashhudson.com/aHR0cHM6Ly9jZG4uZGFzaGh1ZHNvbi5jb20vbWVkaWEvZnVsbC8xNzI2MDYzOTI2LjA0MTEyNzQxNDkwLmpwZWc=.jpg?w=640&h=640&fit=cover, https://images.dashhudson.com/aHR0cHM6Ly9jZG4uZGFzaGh1ZHNvbi5jb20vbWVkaWEvZnVsbC8xNzI2MDYzOTI1Ljk0NjkzMzIyNDYuanBlZw==.jpg?w=640&h=640&fit=cover, https://images.dashhudson.com/aHR0cHM6Ly9jZG4uZGFzaGh1ZHNvbi5jb20vbWVkaWEvZnVsbC8xNzI2MDYzOTI1LjUxMDUzNTI4Nzk1Ny5qcGVn.jpg?w=640&h=640&fit=cover, https://images.dashhudson.com/aHR0cHM6Ly9jZG4uZGFzaGh1ZHNvbi5jb20vbWVkaWEvZnVsbC8xNzI2MDYzOTI1LjUxMDI5MjQ3NTM3LmpwZWc=.jpg?w=640&h=640&fit=cover, https://images.dashhudson.com/aHR0cHM6Ly9jZG4uZGFzaGh1ZHNvbi5jb20vbWVkaWEvZnVsbC8xNzI2MDYzOTI1LjQ1MDE3OTMxMjYzMy5qcGVn.jpg?w=640&h=640&fit=cover, https://images.dashhudson.com/aHR0cHM6Ly9jZG4uZGFzaGh1ZHNvbi5jb20vbWVkaWEvZnVsbC8xNzI2MDYzOTI1LjQ2OTY4MjcxMzA4My5qcGVn.jpg?w=640&h=640&fit=cover, https://images.dashhudson.com/aHR0cHM6Ly9jZG4uZGFzaGh1ZHNvbi5jb20vbWVkaWEvZnVsbC8xNzI2MDYzOTI1LjQ2NTAxNTcwMzkuanBlZw==.jpg?w=640&h=640&fit=cover, https://images.dashhudson.com/aHR0cHM6Ly9jZG4uZGFzaGh1ZHNvbi5jb20vbWVkaWEvZnVsbC8xNzI1NTU4NzE4LjY5MzUwMjQ0NjE4OC5qcGVn.jpg?w=640&h=640&fit=cover, https://images.dashhudson.com/aHR0cHM6Ly9jZG4uZGFzaGh1ZHNvbi5jb20vbWVkaWEvZnVsbC8xNzI1NTU4MDM2Ljk4ODM1NTIyNjcwNS5qcGVn.jpg?w=640&h=640&fit=cover, https://images.dashhudson.com/aHR0cHM6Ly9jZG4uZGFzaGh1ZHNvbi5jb20vbWVkaWEvZnVsbC8xNzI1NTU4MDM3LjYxMzI0NDgyMjEzMi5qcGVn.jpg?w=640&h=640&fit=cover, https://images.dashhudson.com/aHR0cHM6Ly9jZG4uZGFzaGh1ZHNvbi5jb20vbWVkaWEvZnVsbC8xNzI1NTU3NjE3LjE3NjQ4MTIzNjI1LmpwZWc=.jpg?w=640&h=640&fit=cover, https://images.dashhudson.com/aHR0cHM6Ly9jZG4uZGFzaGh1ZHNvbi5jb20vbWVkaWEvZnVsbC8xNzI1NTU3MzM4LjAzNjMzMzYzNTIxOS5qcGVn.jpg?w=640&h=640&fit=cover, https://images.dashhudson.com/aHR0cHM6Ly9jZG4uZGFzaGh1ZHNvbi5jb20vbWVkaWEvZnVsbC8xNzEzNDU2MDExLjkwMTQxNDQ1MTc0OC5qcGVn.jpg?w=640&h=640&fit=cover, https://cdn.dashhudson.com/media/640/1592544228.98512277072.jpeg","Medium, Large, Oversized, Set of 2 - M&L, Set of 3 - M&L&O"
Azad Tall Leather Storage Bins - Black,$174.30 (was $249),"Luxe, ethically sourced leather, hand-stitched to perfection. Storage bins never looked this good. Hello, handsome. With luxe leather and a unique fold construction, these storage bins add an element of design to any space. Designed in two roomy sizes, they are a great way to organize towels, blankets, and pretty much anything and everything you have on hand. Made from ethically-sourced leather from Kolkata, each basket is handcrafted in a leather workshop in Gurgaon. Since this is a natural product, each basket is one-of-a-kind – expect variation in markings. Made start-to-finish in a fair trade environment. Also available in a [low size](https://www.the-citizenry.com/products/azad-low-leather-storage-bin ""Azad Low Leather Baskets in Natural and Black Leather"").",https://www.the-citizenry.com/products/azad-tall-leather-storage-bins-black,,"Also available in a [low size](https://www.the-citizenry.com/products/azad-low-leather-storage-bin ""Azad Low Leather Baskets in  Natural and Black Leather"")","black, Medium, Large, Set of 2 - M&L"
Fresh Eucalyptus Wreath,$199,"Experience the natural beauty of this fresh and aromatic eucalyptus wreath, handcrafted in Northern California just for you. This wreath is made fresh with live eucalptus and will dry out over the course of a few weeks. Soak in water to revive its appearance, or enjoy the natural look as it dries. Crafted at a small workshop in Northern California, each botanical is sourced from farms with sustainable, low-till methods. Partnering with local micro-family or women-owned farms, this workshop uses traditional techniques to create and preserve natural works of art. All made start to finish in a fair trade environment.",https://www.the-citizenry.com/products/fresh-eucalyptus-wreath,"Handmade, Sustainable",,"Medium, Large"
Hinoki Wood Floor Mirror,$569,"Clean lines meet the natural beauty of Japanese hinoki wood, masterfully crafted in Okawa, Japan. Effortless and subtle, yet still a total standout – there are so many reasons this floor mirror is the fairest of them all. Made from the highest-grade hinoki cypress, the frame’s light hue and clean lines allow the mirror to seamlessly blend into your space while also making its claim as a focal point. Perfect for an entry, bedroom, living space, or anywhere you want to add a bit of unexpected style. Handcrafted by a 4th generation workshop comprised of 33 artisans, each mirror takes over 10 days to complete. All made sustainably in a fair trade working environment. Note: Available in two sizes - small and standard.",https://www.the-citizenry.com/products/hinoki-wood-floor-mirror,Artisan,"https://images.dashsocial.com/aHR0cHM6Ly9jZG4uZGFzaHNvY2lhbC5jb20vbWVkaWEvZnVsbC8xNzM5NzIxNzA2LjY0NzQxNDQzNTQ4LmpwZWc=.jpg?w=640&h=640&fit=cover, https://images.dashhudson.com/aHR0cHM6Ly9jZG4uZGFzaGh1ZHNvbi5jb20vbWVkaWEvZnVsbC8xNzI1NzI1MjU5LjQxNzQxMDkxODk2NC5qcGVn.jpg?w=640&h=640&fit=cover, https://images.dashhudson.com/aHR0cHM6Ly9jZG4uZGFzaGh1ZHNvbi5jb20vbWVkaWEvZnVsbC8xNzI1NzI1MjU5LjExNTcyNDgyNDYzNi5qcGVn.jpg?w=640&h=640&fit=cover, https://images.dashhudson.com/aHR0cHM6Ly9jZG4uZGFzaGh1ZHNvbi5jb20vbWVkaWEvZnVsbC8xNzI1NzI1MjU5LjgwMDM4MDIzODIyNC5qcGVn.jpg?w=640&h=640&fit=cover, https://images.dashhudson.com/aHR0cHM6Ly9jZG4uZGFzaGh1ZHNvbi5jb20vbWVkaWEvZnVsbC8xNzI1NzI1MjU4LjY4NzI0NDU1MDk1LmpwZWc=.jpg?w=640&h=640&fit=cover, https://images.dashhudson.com/aHR0cHM6Ly9jZG4uZGFzaGh1ZHNvbi5jb20vbWVkaWEvZnVsbC8xNzI1NzI1MjU4LjA2MTc3MzY4NTczLmpwZWc=.jpg?w=640&h=640&fit=cover, https://images.dashhudson.com/aHR0cHM6Ly9jZG4uZGFzaGh1ZHNvbi5jb20vbWVkaWEvZnVsbC8xNzI1NzI1MjU4LjcxMDMwMzg3NTY5Ni5qcGVn.jpg?w=640&h=640&fit=cover, https://images.dashhudson.com/aHR0cHM6Ly9jZG4uZGFzaGh1ZHNvbi5jb20vbWVkaWEvZnVsbC8xNzI1NzI1MjU4LjE4MTYyMjc2NDU1Ni5qcGVn.jpg?w=640&h=640&fit=cover, https://images.dashhudson.com/aHR0cHM6Ly9jZG4uZGFzaGh1ZHNvbi5jb20vbWVkaWEvZnVsbC8xNzI1NzI1MjU4LjU2MDQzNTM2MzM3Ni5qcGVn.jpg?w=640&h=640&fit=cover, https://images.dashhudson.com/aHR0cHM6Ly9jZG4uZGFzaGh1ZHNvbi5jb20vbWVkaWEvZnVsbC8xNzI1NzI1MjU4LjI2ODA2MTkyNDg5NC5qcGVn.jpg?w=640&h=640&fit=cover, https://images.dashhudson.com/aHR0cHM6Ly9jZG4uZGFzaGh1ZHNvbi5jb20vbWVkaWEvZnVsbC8xNzI1NzI1MjU3LjIzMDU2MzQ4NjU2LmpwZWc=.jpg?w=640&h=640&fit=cover, https://images.dashhudson.com/aHR0cHM6Ly9jZG4uZGFzaGh1ZHNvbi5jb20vbWVkaWEvZnVsbC8xNzI1NzI1MjU3LjY5ODA1MDc5MTMxOC5qcGVn.jpg?w=640&h=640&fit=cover, https://images.dashhudson.com/aHR0cHM6Ly9jZG4uZGFzaGh1ZHNvbi5jb20vbWVkaWEvZnVsbC8xNzI1NzI1MjU3LjQ3NTAwODc3OTU3LmpwZWc=.jpg?w=640&h=640&fit=cover, https://images.dashhudson.com/aHR0cHM6Ly9jZG4uZGFzaGh1ZHNvbi5jb20vbWVkaWEvZnVsbC8xNzI1NzI1MjU2LjkxOTY4MDQ2NzU3NS5qcGVn.jpg?w=640&h=640&fit=cover, https://images.dashhudson.com/aHR0cHM6Ly9jZG4uZGFzaGh1ZHNvbi5jb20vbWVkaWEvZnVsbC8xNzI1NzI1MjU3LjA2NTQxODc0ODI0OS5qcGVn.jpg?w=640&h=640&fit=cover, https://images.dashhudson.com/aHR0cHM6Ly9jZG4uZGFzaGh1ZHNvbi5jb20vbWVkaWEvZnVsbC8xNzI1NzI1MjU2LjU3MTY0NDMzNDM5MC5qcGVn.jpg?w=640&h=640&fit=cover, https://images.dashhudson.com/aHR0cHM6Ly9jZG4uZGFzaGh1ZHNvbi5jb20vbWVkaWEvZnVsbC8xNzI1NzI1MjU2LjgzNzM1MTM2MzYyLmpwZWc=.jpg?w=640&h=640&fit=cover, https://images.dashhudson.com/aHR0cHM6Ly9jZG4uZGFzaGh1ZHNvbi5jb20vbWVkaWEvZnVsbC8xNzI1NzI1MjU2LjQxNjc2MTQ2MTAyOC5qcGVn.jpg?w=640&h=640&fit=cover, https://images.dashhudson.com/aHR0cHM6Ly9jZG4uZGFzaGh1ZHNvbi5jb20vbWVkaWEvZnVsbC8xNzI1NzI1MjU1LjcyMDczMjc2NjQxMy5qcGVn.jpg?w=640&h=640&fit=cover, https://images.dashhudson.com/aHR0cHM6Ly9jZG4uZGFzaGh1ZHNvbi5jb20vbWVkaWEvZnVsbC8xNzI1NzI1MjU1LjkxMTg2MjYxOTU1NS5qcGVn.jpg?w=640&h=640&fit=cover, https://images.dashhudson.com/aHR0cHM6Ly9jZG4uZGFzaGh1ZHNvbi5jb20vbWVkaWEvZnVsbC8xNzI1NzI1MjU1LjYzNjkzNDEzNTU0LmpwZWc=.jpg?w=640&h=640&fit=cover, https://images.dashhudson.com/aHR0cHM6Ly9jZG4uZGFzaGh1ZHNvbi5jb20vbWVkaWEvZnVsbC8xNzI1NzI1MjU1LjczMjE4MDg5Njg2Mi5qcGVn.jpg?w=640&h=640&fit=cover, https://images.dashhudson.com/aHR0cHM6Ly9jZG4uZGFzaGh1ZHNvbi5jb20vbWVkaWEvZnVsbC8xNzI1NzI1MjU1LjY3ODU3MDU3NjYyNi5qcGVn.jpg?w=640&h=640&fit=cover, https://images.dashhudson.com/aHR0cHM6Ly9jZG4uZGFzaGh1ZHNvbi5jb20vbWVkaWEvZnVsbC8xNzI1NTU5MjAyLjU3NjgwMjczMzkzLmpwZWc=.jpg?w=640&h=640&fit=cover, https://images.dashhudson.com/aHR0cHM6Ly9jZG4uZGFzaGh1ZHNvbi5jb20vbWVkaWEvZnVsbC8xNzI1NTU4MzA2LjgxNzc5NDY4ODc5MS5qcGVn.jpg?w=640&h=640&fit=cover, https://images.dashhudson.com/aHR0cHM6Ly9jZG4uZGFzaGh1ZHNvbi5jb20vbWVkaWEvZnVsbC8xNzI1NTU3NjI0LjMxNDQyODY5MTU0My5qcGVn.jpg?w=640&h=640&fit=cover, https://images.dashhudson.com/aHR0cHM6Ly9jZG4uZGFzaGh1ZHNvbi5jb20vbWVkaWEvZnVsbC8xNzI1NTU3MzkxLjQzMzY1MzQ5MDUzMy5qcGVn.jpg?w=640&h=640&fit=cover, https://images.dashhudson.com/aHR0cHM6Ly9jZG4uZGFzaGh1ZHNvbi5jb20vbWVkaWEvZnVsbC8xNzI1NTU3MzM4LjQ0Mzg1OTg2NTExMC5qcGVn.jpg?w=640&h=640&fit=cover, https://images.dashhudson.com/aHR0cHM6Ly9jZG4uZGFzaGh1ZHNvbi5jb20vbWVkaWEvZnVsbC8xNzI1NTU0NDUyLjMwMTcyMDEyNTgxMi5qcGVn.jpg?w=640&h=640&fit=cover, https://images.dashhudson.com/aHR0cHM6Ly9jZG4uZGFzaGh1ZHNvbi5jb20vbWVkaWEvZnVsbC8xNzI1NTU0MTk1LjMwNjA1MzQ4NDM4OS5qcGVn.jpg?w=640&h=640&fit=cover, https://images.dashhudson.com/aHR0cHM6Ly9jZG4uZGFzaGh1ZHNvbi5jb20vbWVkaWEvZnVsbC8xNzI1NTUyNTk4LjQ1NzgyNTU0MDQuanBlZw==.jpg?w=640&h=640&fit=cover, https://images.dashhudson.com/aHR0cHM6Ly9jZG4uZGFzaGh1ZHNvbi5jb20vbWVkaWEvZnVsbC8xNzI1NTUxNDU0Ljc3MjQ4MjQyMjMzMS5qcGVn.jpg?w=640&h=640&fit=cover, https://images.dashhudson.com/aHR0cHM6Ly9jZG4uZGFzaGh1ZHNvbi5jb20vbWVkaWEvZnVsbC8xNzI1NTUxNDQ4LjU2OTU2NDMxMzMwNi5qcGVn.jpg?w=640&h=640&fit=cover, https://images.dashhudson.com/aHR0cHM6Ly9jZG4uZGFzaGh1ZHNvbi5jb20vbWVkaWEvZnVsbC8xNzEzNDY2MTg4LjQ5MTQ0MzkzNzIwNS5qcGVn.jpg?w=640&h=640&fit=cover","Small, Standard, Natural"
Samir Handwoven Area Rug - 5' x 8',$629 (was $899),"Handwoven using the finest wool, a cozy, kick-off-your-shoes plush area rug. Tan",https://www.the-citizenry.com/products/samir-handwoven-area-rug-5-x-8,Artisan,Also available as an accent rug.,"5' x 8', Ecru, Tan, Light Grey"
Mercado Storage Cube,$105,"Handwoven from all-natural palm, a compact storage bin that makes corralling clutter look good.",https://www.the-citizenry.com/products/mercado-storage-cube-basket,Artisan,"Mercado Storage Baskets - Square, Mercado Storage Baskets - Round, Mercado Floor Baskets, Mercado Hampers, Rivi Storage Basket, Merapi Storage Baskets, Azad Tall Leather Storage Bins, Totora Floor Basket, Ziwa Oversized Basket, Totora Storage Basket, Kawi Wicker Floor Basket, Bolga Storage Baskets, Azad Low Leather Storage Bin, Kawi Wicker Storage Basket, Nyumba Baskets, Bolga Floor Baskets, Kawi Wicker Hamper, Bolga Tall Basket, Mercado Laundry Set - Set of 3, Azad Tall Leather Storage Bins - Black","One Cube, Set of 2"
Samir Handwoven Area Rug,"$1,099","Handwoven using the finest wool, a cozy, kick-off-your-shoes plush area rug. Tan",https://www.the-citizenry.com/products/samir-wool-area-rug,Artisan,"https://www.the-citizenry.com/products/samir-accent-rug ""Samir Accent Rug Rug""","6' x 9', 8' x 10', 9' x 12', 10' x 14', Ecru, Tan, Light Grey"
Hinoki Wood Side Table,$479,"Artful, modern, and perfectly petite. A side table that’s equal parts versatile and effortless, made from the highest quality Japanese hinoki wood. Handcrafted from sustainably harvested hinoki cypress wood, this modern side table is a true conversation piece. The half moon design features subtle curves as well as straight lines at the base, bringing softness and a modern sensibility to any space. The smaller size allows the table to moonlight as extra seating, too, so it’s super versatile. Style anywhere you want to make a quiet statement — in the bath, guest bedroom, or on either side of an accent chair. Handcrafted from the highest grade hinoki cypress, this table features a soft feel and aromatic scent (that gets more fragrant when wet). From start-to-finish, each one takes over a week to complete. All made in a fair trade workshop in Okawa, Japan, that has perfected the art of furniture making over four generations.",https://www.the-citizenry.com/products/hinoki-wood-side-table,Artisan,"Hinoki Wood Ladder, Hinoki Wood Bench, Hinoki Wood Standing Rack, Mayra Marble Side Table, Meru Counter Stool - Teak, Torres Round Leather Ottoman - Medium & Large, Dua Wicker Stool, Torres Round Leather Ottoman - Small, Hinoki Wood Bath Stool, Meru Counter Stool - Mindi, Manai Woven Nightstand, Sanjay Ottoman - Medium & Large, San Pedro Woven Bench, Azibo Woven Wall Hanging, Hanging Leather Headboard, Ora Wicker Coffee Table, Jaya Nightstand, Mishka Wood Side Table, Penida Wicker Bench, Ravi Platform Bed","Round, Half Moon, Set - 1 ea."
Totora Floor Basket,$139,"Hailing from the coasts of Peru, these woven floor baskets bring a modern, artisanal feel to your space. Extra chunky weave. Braided handles. These woven floor baskets are a thing of beauty. Not to mention, they’re incredibly durable, too – woven with the strong totora reed (a material used to build fishing boats), these designs are made to withstand it all. Handwoven in the homes of master artisans in Lima, Peru, each basket undergoes a meticulous weaving process that takes up to a day to complete. Exclusively made in a fair trade working environment. Due to the handwoven nature of these baskets, expect some variation in size, shape, and color.",https://www.the-citizenry.com/products/totora-floor-basket,Artisan,"Totora Storage Basket, Bolga Floor Baskets, Padma Square Storage Baskets, Rivi Storage Basket, Bolga Storage Baskets, Mercado Floor Baskets, Azad Tall Leather Storage Bins, Merapi Storage Baskets, Mercado Storage Baskets - Round, Mercado Storage Baskets - Square, Ziwa Oversized Basket, Azad Low Leather Storage Bin, Kawi Wicker Floor Basket, Mercado Storage Cube, Kawi Wicker Storage Basket, Mercado Hampers, Azad Tall Leather Storage Bins - Black, Nyumba Baskets, Kawi Wicker Hamper, Bolga Tall Basket","Small, Medium, Large, Set of 2 - M&L, Set of 3 - S&M&L"
Padma Round Storage Basket,$99,"A material known for its durability, the hogla leaf of Bangladesh was practically born to be a woven basket for corralling clutter.",https://www.the-citizenry.com/products/padma-round-storage-basket,Organic,"Padma Rectangle Storage Baskets, Mercado Floor Baskets, Mercado Storage Baskets - Round, Mercado Storage Baskets - Square, Azad Tall Leather Storage Bins, Merapi Storage Baskets, Ziwa Oversized Basket, Totora Floor Basket, Rivi Storage Basket, Totora Storage Basket, Azad Low Leather Storage Bin, Kawi Wicker Floor Basket, Mercado Laundry Set - Set of 3, Mercado Storage Cube, Kawi Wicker Storage Basket, Bolga Floor Baskets, Padma Square Storage Baskets, Bolga Storage Baskets, Mercado Hampers, Azad Tall Leather Storage Bins - Black","Small, Medium, Large, Oversized, Set of 2 - M&L, Set of 3 - M&L&O, Set of 4 - S&M&L&O, Natural"
Stonewashed Linen Quilt,$239 (was $299),Solids: espresso Patterns,https://www.the-citizenry.com/collections/all/products/stonewashed-linen-quilt,,,"Full/Queen, King/Cal King, espresso, olive, aegean, ivory, emerald, barley, barley-stripe, slate-blue, sand, sienna, white, seaglass, indigo-chambray, sand-thin-stripe, graphite-thin-stripe, charcoal, rose"
Neena Handwoven Area Rug,"$1,329.30 (was $1,899)","Add warmth and global appeal to any room with this soft-hued wool rug, handwoven by master artisans in India. With its serene palette and statement-making design, this flatweave wool rug is a total room maker. Not only is it visually stunning, but it’s sustainably made and woven to size (no waste here!). Perfect for spaces big or small, style anywhere you want to add a global touch. Handwoven by a collective of 200 weavers in Panipat, one of India’s historic hubs for rug making, each one takes days to complete. Every rug is Oeko-Tex® certified and made sustainably in a fair trade environment. We recommend using a rug pad to prevent wrinkles and slippage. Measurements Available in 5'x8', 6'x9', 8'x10', 9'x12' Rug Thickness: 1/8"" Materials 100% New Zealand wool Colors Flax Origin India",https://www.the-citizenry.com/products/neena-area-rug,Artisan,accent rug,"flax, 5' x 8', 6' x 9', 8' x 10', 9' x 12', 10' x 14'"
Padma Square Storage Baskets,$99,"An object is only as beautiful as the environment in which it’s made. That’s why we travel the globe to bring the world’s best craftsmanship home to you. Each design is made by the most incredible artisans with the finest materials. All made start-to-finish with fair trade standards. Made of durable hogla leaves, this storage basket brings a natural, organic feel to any space. Designed in a clean, minimal silhouette, it effortlessly blends in modern or traditional homes alike. Available in three roomy sizes, they’re made to stash it all – blankets, toys, towels – pretty much anything and everything. Meticulously braided by hand by a cooperative of women in Dhaka, Bangladesh, each one is made with sustainably harvested materials in a fair trade environment.",https://www.the-citizenry.com/products/padma-square-storage-baskets,"Artisan, Organic",,"Small, Medium, Large, Oversized, Set of 2 - M&L, Set of 3 - M&L&O"
Stonewashed Linen Euro Shams,$75 (was $94),"Organic texture. Laid-back vibes. Supremely soft. Our linen shams are what dreams are made of. Designed to mix and match with our entire stonewashed linen collection, each piece is loomed to give you a super soft feel. And it only gets softer with time (that is, every single time you wash it). Made using only the finest French flax and woven in the oldest, family-run linen mill in Portugal, each piece is Oeko-Tex® certified and made sustainably in a fair trade working environment. We recommend styling a full- or queen-sized bed with two Euro shams, and a king- or california-king sized bed with three. Want to see our bedding for yourself? Go on and test out our linen fabric swatches.",https://www.the-citizenry.com/collections/all/products/stonewashed-linen-euro-shams,Organic,"Stonewashed Linen Duvet Cover, Stonewashed Linen Quilt, Stonewashed Linen Shams, Stonewashed Linen Sheet Set, Stonewashed Linen Pillowcases, Organic Cotton Gauze Bed Blanket, Stonewashed Linen Fitted Sheet, Organic Cotton Gauze Shams, Organic Cotton Gauze Quilt, Stonewashed Linen Curated Bed Bundle, Naya Organic Cotton Quilted Bed Blanket, La Brisa Alpaca Bed Blanket, Arya Linen Bed Blanket, Signature Down-Alternative Duvet Insert, Signature Down-Alternative Pillow, Stonewashed Linen Bed Bundle, Cotton Gauze Throw - White, Ayla Organic Cotton Quilted Bed Blanket, Stonewashed Organic Cotton Percale Shams, Organic Resort Cotton Sheet Set","Single Sham, Set of 2, Set of 3"
Naveta Velvet Small Lumbar Pillow,$85,"The perfect mix and match pillow for any space, this 100% cotton velvet lumbar pillow mixes earthy hues with cozy texture. This pillow comes ready to style with a down alternative insert. Cozier days start with cotton velvet. Crafted from 100% organic cotton velvet, this effortlessly luxe lumbar pillow warms up any space with calming earth tones. Accented with a half-inch fringe detailing, every piece can be styled solo or added as the finishing touch to your other pillows. Loomed by a collective of 200 weavers in Panipat, known around the world as India’s City of Weavers, every pillow is Oeko-Tex® and Global Organic Textile Standard (GOTS) certified. All sustainably made in a fair trade environment. This pillow comes ready to style. Cruelty-free down alternative insert included.",https://www.the-citizenry.com/collections/all/products/naveta-velvet-small-lumbar-pillow,Organic,,"Aegean, Camel, Almond, Mulberry, Moss, Cocoa, Spice, 12'' x 20''"
Mercado Storage Baskets - Round,$145,"Soft lines, hand-braided palm leaves, and luxe leather handles combine to create these handsome round storage baskets from Mexico. Beautiful and functional with global appeal, all while keeping clutter at bay. These baskets truly do it all. Handwoven from locally-sourced palm leaves, these baskets are lightweight, durable, and stand up to the day-to-day. Perfect for stashing blankets, books, laundry, or towels – we promise you’ll want one (or two) for every room. Handcrafted by a cooperative of master artisans in Guerrero, Mexico, each basket takes around three days to complete. All made start-to-finish in a fair trade environment. Measurements Medium - 14""W x 14""H Large - 16""W x 16""H Oversized - 20""W x 20""H Since each basket is handwoven, please expect some slight variation in size. Materials Hand-braided palm leaves, leather handles Colors Natural Origin Mexico Time to Make 3 days",https://www.the-citizenry.com/products/mercado-storage-baskets-round,Artisan,"https://images.dashhudson.com/aHR0cHM6Ly9jZG4uZGFzaGh1ZHNvbi5jb20vbWVkaWEvZnVsbC8xNzI1NTU4NzE5LjM5MzkzNjQyNTI2NS5qcGVn.jpg?w=640&h=640&fit=cover, https://images.dashhudson.com/aHR0cHM6Ly9jZG4uZGFzaGh1ZHNvbi5jb20vbWVkaWEvZnVsbC8xNzIxMTMwNTA3LjM5NTg5NzkwMjUwLmpwZWc=.jpg?w=640&h=640&fit=cover, https://images.dashhudson.com/aHR0cHM6Ly9jZG4uZGFzaGh1ZHNvbi5jb20vbWVkaWEvZnVsbC8xNzE1MzY4MjQxLjgyMTIyNDU3NjEyMi5qcGVn.jpg?w=640&h=640&fit=cover, https://images.dashhudson.com/aHR0cHM6Ly9jZG4uZGFzaGh1ZHNvbi5jb20vbWVkaWEvZnVsbC8xNzE1MzQxNTkyLjAyNjQ0Nzg3OTA0MS5qcGVn.jpg?w=640&h=640&fit=cover, https://images.dashhudson.com/aHR0cHM6Ly9jZG4uZGFzaGh1ZHNvbi5jb20vbWVkaWEvZnVsbC8xNzE0OTI2NTgxLjczOTI5NjI1NDMzNS5qcGVn.jpg?w=640&h=640&fit=cover","Medium, Large, Oversized, Set of 2 - M&L, Set of 3 - M&L&O"
Paloma Alpaca Throw,$132 (was $189),"A luxuriously soft baby alpaca throw, hand-loomed in soft blush and muted greys. blush grey 1 - 1",https://www.the-citizenry.com/collections/all/products/paloma-throw,Artisan,,blush grey
Hinoki Wood Bath Mat,$179,"Create a zen-like retreat with our modern take on the bath mat, handcrafted from beautiful Japanese Hinoki wood. Turn your bath into a zen retreat with this handcrafted hinoki wood bath mat. Native to central Japan, hinoki wood is known for its light hue, incredibly soft feel, and aromatic scent. You heard right - when wet, hinoki wood releases a scent that’s both therapeutic and calming. Trust us, the scent is heavenly. Handcrafted with the highest grade hinoki cypress, you won’t find any knots or imperfections on this bath mat. Each one takes over a week to complete, all made start-to-finish in a fair trade working environment in Okawa, Japan - the home of hinoki wood furniture making. Note: Available in two sizes - medium and large.",https://www.the-citizenry.com/collections/all/products/hinoki-wood-bath-mat,,,"Medium, Large"
Copper Palo Santo Set,$55.30 (was $79),"Handcrafted from luxe copper, bring on the good vibes with this sculptural palo santo holder. Meaning ""holy wood,"" Incas burned palo santo to cleanse spaces and combat negative energy. Light one end, place in holder, and then let the smoke bring a beautiful woodsy scent to your space. Each one is handcrafted by master artisans in Pune, India. All made start-to-finish in a fair trade environment. The best part? Each holder comes with a bundle of sustainably-harvested palo santo sticks - so you’ll be ready to go!",https://www.the-citizenry.com/collections/all/products/copper-palo-santo-holder,Artisan,Copper Palo Santo Set,"copper, 1, 2, 3, 4, 5, 6"
Mercado Floor Baskets,$145,"A low-profile storage basket handwoven from lightweight, yet durable palm. Meticulously handcrafted from locally-sourced palm leaves and accented with luxe leather handles, this set of low-profile baskets make stashing clutter look good. Designed in a shallow, yet roomy size, these baskets are perfect for storing books, towels, or shoes. And bonus - their short stature makes them easy to slide under your bed or coffee table. Each basket is handcrafted by a cooperative of master artisans in Guerrero, Mexico. All made start-to-finish in a fair trade environment, it takes about three days to complete.",https://www.the-citizenry.com/products/mercado-floor-storage-baskets-natural,Artisan,,"natural, Medium, Large, Set of 2 - M&L, Natural or Natural & Black"
Mercado Storage Baskets - Round,$145,"Soft lines, hand-braided palm leaves, and luxe leather handles combine to create these handsome round storage baskets from Mexico. Beautiful and functional with global appeal, all while keeping clutter at bay. These baskets truly do it all. Handwoven from locally-sourced palm leaves, these baskets are lightweight, durable, and stand up to the day-to-day. Perfect for stashing blankets, books, laundry, or towels – we promise you’ll want one (or two) for every room. Handcrafted by a cooperative of master artisans in Guerrero, Mexico, each basket takes around three days to complete. All made start-to-finish in a fair trade environment. - Measurements Medium - 14""W x 14""H Large - 16""W x 16""H Oversized - 20""W x 20""H Since each basket is handwoven, please expect some slight variation in size. - Materials Hand-braided palm leaves, leather handles - Colors Natural - Origin Mexico - Time to Make 3 days",https://www.the-citizenry.com/collections/all/products/mercado-storage-baskets-round,Artisan,,"Medium, Large, Oversized, Set of 2 - M&L, Set of 3 - M&L&O"
Cuadra Alpaca Throw,$132.30 (was $189),"Minimal design. Super soft texture. This hand-loomed baby alpaca throw is understated perfection. Clean, classic stripes in a soft neutral palette, this alpaca throw is the perfect trifecta - subtle, mixable, and giftable. Not to mention, it’s incredibly soft - meticulously hand-loomed from 100% baby alpaca, a material once reserved for Inca royalty. Handwoven by master artisans in a quiet mountain village in the Peruvian Andes, each throw takes about a week to complete. All made exclusively in a fair trade environment. Note: Alpaca wool is hypoallergenic, so this throw is ideal for those with allergies or sensitive skin.",https://www.the-citizenry.com/collections/all/products/cuadra-grey-striped-alpaca-throw,Artisan,Add a premium gift box - $14,grey cream
La Calle Alpaca Throw,$169,"Rich, earthy hues. Intricately woven design. This alpaca throw makes a handsome addition to your home. sand 1 - 1",https://www.the-citizenry.com/products/la-calle-alpaca-throw,Artisan,"Marisol Alpaca Throw, Nevado Alpaca Throw, Rowan Mohair Throw, Esperanza Alpaca Throw, Aurora Alpaca Throw, Maeve Merino Throw, La Leña Luxe Alpaca Throw, Contigo Chunky Wool Throw, Lirio Alpaca Throw, Alto Luxe Alpaca Throw, Diamanta Alpaca Throw, Selva Alpaca Throw, La Brisa Alpaca Throw, Risas Luxe Wool Throw, Palabra Alpaca Throw, Cuadra Alpaca Throw, Olmo Alpaca Throw, Cascada Alpaca Throw, Clara Chunky Wool Throw, Mullins Mohair Throw","Olive, Charcoal, Sand, Rust, Clay, Stone Grey"
Veeha Glass Candle Holders - Set of 2,$55.30 (was $79),"Make your space a little brighter with the warm glow of these sculptural glass candle holders. A style that positively glows, this elegant set of glass candle holders blend rounded, sculptural details with timeless style. Perfect as a centerpiece for your dining table or a handcrafted gift to a friend, each piece adds a natural warmth in any space. Fits standard 3/4"" taper candles. Handcrafted in a workshop just outside of Delhi, India, each piece is made start to finish in a fair trade environment.",https://www.the-citizenry.com/products/veeha-glass-candle-holders,Handmade,"Beeswax Taper Candles - Set of 2, Alameda Vase, Eshana Sandstone Candle Holders - Set of 2, Anima Marble Bookends - Set of 2, Binita Vase, Loma Table Vases, Sitara Glass Vase, Hansa Vase, Vati Vase, Vallarta Vase, Hinoki Wood Floor Mirror, Terranova Vase, Costanera Wall Hanging, Tikal Wood Bud Vase, Faliza Vase, Tikal Wood Serving Bowl, Copper Palo Santo Set, Tikal Wood Serving Board - Round, Yashani Marble Sculpture",Clear
Beeswax Taper Candles - Set of 2,$20 (was $29),"A bright spot in any space, these handmade taper candles are crafted from pure beeswax. Available in a range of rich, soothing colors, each 12” candle has a burn time of about 10 hours. Style as a rich set on your holiday table or over the fireplace. Crafted by hand from 100% beeswax for a longer burn time, these candles are made in collaboration with Greentree Home Candle. Made start-to-finish in a fair trade environment.",https://www.the-citizenry.com/products/beeswax-taper-candles-set-of-2,Handmade,,"blush, 1, 2, 3, 4, 5, 6, White, Mint, Spruce, Goldenrod, Amber"
Stonewashed Linen Sheet Set,$295 (was $369),"Oh-so-soft French linen sheet sets give beauty sleep a whole new meaning. Set includes: - 1 flat sheet - 1 fitted sheet - 2 pillowcases Made using only the finest French flax and woven in the oldest, family-run linen mill in Portugal, each piece is Oeko-Tex® certified and made sustainably in a fair trade working environment.",https://www.the-citizenry.com/collections/all/products/stonewashed-linen-sheet-sets,,,"Full, Queen, King, Cal King, Sand, Aegean, Olive, Espresso, Seaglass, Ivory, Barley, Barley Stripe, Emerald, White, Slate Blue, Sienna, Indigo Chambray, Charcoal, Rose, Graphite Thin Stripe, Sand Thin Stripe"
Sanjay Ottoman - Medium & Large,$399,"Handwoven using soft, yet durable cotton, this modern ottoman is the perfect footrest, coffee table, or extra seating. Featuring a sturdy, yet lightweight design, this versatile piece is the perfect footrest, coffee table, or extra seating. Handcrafted in Jaipur, India, this piece is made by a small furniture making workshop. All made start-to-finish in a fair trade environment.",https://www.the-citizenry.com/collections/all/products/sanjay-cotton-ottoman-medium-large,,,"Medium, Large, Set - 1 ea., Stripe: Ivory and grey with dark navy striping, Solid: Ivory and grey"
Eshana Sandstone Candle Holders - Set of 2,$99,"The unique shades and veining of natural sandstone are enhanced by a warm glow in these beautiful candle holders. Fits standard 3/4"" taper candles. A tablescape isn’t complete without the warm glow of these minimal candle holders, carved from beautiful rainbow sandstone. Flecked with distinctive shades of red, violet, and brown veining, each piece is a sculptural accent that’s truly one of a kind. Fits standard 3/4"" taper candles. Handcrafted from locally-sourced sandstone from the mountains of India, each piece can take several days to make. From the first cut to the final polish, artisans bring their generations of experience to reveal the unique character of each piece. All made start to finish in a fair trade environment in Agra, India. Note: Due to the porous nature of sandstone, water or wax marks may be apparent over time. See care instructions and wipe dry after use.",https://www.the-citizenry.com/products/eshana-sandstone-candle-holders,"Handmade, Artisan","2 White Hand-Dipped Beeswax Tapers - $29 $20, Beeswax Taper Candles - Set of 2 $29 $20, Veeha Glass Candle Holders - Set of 2 $79 $55, Vida Ceramic Candle Holders - Set of 2 $279, Adana Kilim Stocking $129, Tikal Wood Serving Bowl From $99, Anima Marble Bookends - Set of 2 $89, Vallarta Vase $119 $83, Alameda Vase From $159, Eshana Sandstone Palo Santo Set $69, Vati Vase From $79 $55, Hinoki Wood Floor Mirror From $569, Yashani Marble Sculpture $199, Lomas Wall Hanging From $999, Terranova Vase From $329, Tikal Wood Bud Vase $89, Binita Vase $119 $83, Costanera Wall Hanging From $269 $188, Sitara Glass Vase From $89 $62, Mirai Wall Hanging $299",Rainbow Sandstone
Organic Resort Cotton Sheet Set,$143 (was $239),Sleep easy with our resort cotton sheets - sustainably made from organic long-staple Turkish cotton in a calming color palette. Free,https://www.the-citizenry.com/collections/all/products/organic-turkish-cotton-sheet-set,Organic,Add a premium gift box - $19,"solid light-grey, Full, Queen, King"
Azad Tall Leather Storage Bins,$249,"Luxe, ethically sourced leather, hand-stitched to perfection. Storage bins never looked this good. Hello, handsome. With luxe leather and a unique fold construction, these storage bins add an element of design to any space. Designed in two roomy sizes, they are a great way to organize towels, blankets, and pretty much anything and everything you have on hand. Made from ethically-sourced leather from Kolkata, each basket is handcrafted in a leather workshop in Gurgaon. Since this is a natural product, each basket is one-of-a-kind – expect variation in markings. Made start-to-finish in a fair trade environment.",https://www.the-citizenry.com/products/azad-tall-leather-storage-bins,,"Also available in a [low size](https://www.the-citizenry.com/products/azad-low-leather-storage-bin ""Azad Low Leather Baskets in  Natural and Black Leather"")","natural, Medium, Large, Set of 2 - M&L"
Merapi Storage Baskets,$279,"Stash clutter and add instant global appeal with these durable hand-braided baskets from Indonesia. Handcrafted using durable, sustainably sourced abaca plant fiber, these storage baskets add a warm, organic feel to your space. Featuring an extra-thick construction and roomy size, these baskets are incredibly durable and useful – the perfect home for blankets, extra bedding, and towels. Designed in a long, rectangular shape, these style effortlessly at the foot of the bed, in a hallway, or under a table. Made by a cooperative of 115 artisans in Yogyakarta, Indonesia, each storage basket takes up to 4 days to handcraft. All made start to finish in a fair trade environment. Note: Since each basket is handwoven in an all-natural material, expect some variation in size and coloring.",https://www.the-citizenry.com/collections/all/products/merapi-storage-baskets,"Artisan, Organic",,"dark, light, Medium, Oversized, Set of 2 - M&O"
Eco-Friendly Rug Pad,$29,"Keep rugs perfectly in place and in tip-tip shape with this does-it-all rug pad. To keep your rugs and floors lasting for years to come, we recommend adding a low-profile rug pad as a base layer to our designs. Made from felt with a solid, natural rubber backing, this rug pad provides strong gripping power to prevent slippage. Bonus: this rug pad is needle-punched, allowing your rug and floors to breathe while also preventing dirt and dust. Measurements 1/16"" Thick Materials Eco-friendly Felt and Natural Rubber Colors Natural top, grey rubber backing Origin USA Care If needed, blot with mild soap and water and lay out to air dry.",https://www.the-citizenry.com/collections/all/products/rug-pad,Eco-friendly,"Artha Handwoven Striped Area Rug, Lalita Hand-Knotted Area Rug, Rassi Handwoven Round Jute Area Rug, Urvi Handwoven Jute Area Rug, Artha Handwoven Striped Accent Rug, Sabina Handwoven Jute Area Rug, Sabina Handwoven Jute Accent Rug, Naira Handwoven Jute Area Rug, Advika Hand-Knotted Accent Rug, Samir Handwoven Area Rug, Harita Hand-Knotted Area Rug, Aditha Handwoven Jute Area Rug, Bandera Handwoven Accent Rug, Chahana Hand-Knotted Area Rug, Suhana Hand-Knotted Area Rug, Ekani Handwoven Area Rug, Ritu Handwoven Area Rug, Sarasi Hand-Knotted Area Rug, Bina Hand-Knotted Area Rug, Naira Handwoven Jute Runner","2' x 3', 3' x 5', 2.5' x 8', 3' x 10', 4' x 6', 5' x 8', 6' x 9', 8' x 10', 9' x 12', 10' x 14', 4' Round, 6' Round, 8' Round"
Arya Linen Bed Blanket,$159 (was $199),"Cozy up in lightweight linen, the perfect warm-weather layer. Free",https://www.the-citizenry.com/collections/all/products/arya-linen-bed-blanket,Organic,,"Mist: Front: Stone blue; Back: Ecru, Olive: Front: Olive; Back: Ecru, Turmeric: Front: Turmeric; Back: Ecru, Clay: Front: Clay; Back: Ecru, Midnight: Front: Navy; Back: Ecru"
Stonewashed Organic Cotton Percale Swatches,$3,"Loomed in India Want to see for yourself? Go on and test out our cotton percale fabric swatches (4"" x 4.5"").",https://www.the-citizenry.com/collections/all/products/organic-stonewashed-percale-swatches,Organic,,"White, Warm Grey, Blush, Seaglass, Aegean, Olive"
La Calle Alpaca Throw,$118.30 (was $169),"Rich, earthy hues. Intricately woven design. This alpaca throw makes a handsome addition to your home. glacier Add a premium gift box - $14 1 - 1 - 2 - 3 - 4 - 5 - 6",https://www.the-citizenry.com/products/la-calle-alpaca-throw-2,Artisan,,"Glacier, Mustard"
Fresh Olive Garland - 6 ft,$259,"Fresh olive leaves are locally foraged to create the lavish textures and natural charm of this stunning garland. Long enough to liven up any space, each piece is sure to impress your guests all season long. This garland is made fresh with live olive branches and will dry out over the course of a few weeks. Soak in water to revive its appearance, or enjoy the natural look as it dries. Crafted at a small workshop in Northern California, each botanical is sourced from farms with sustainable, low-till methods. Partnering with local micro-family or women-owned farms, this workshop uses traditional techniques to create and preserve natural works of art. All made start to finish in a fair trade environment.",https://www.the-citizenry.com/products/fresh-olive-garland,"Handmade, Sustainable",,"6 ft, Natural"
Cotton Velvet Upholstery Swatches,$5,"The Custom Living Collection Want to see for yourself? Go on and test out our cotton velvet fabric swatches (4"" x 4.5""). pumice 1 - 1 Sold Out",https://www.the-citizenry.com/collections/all/products/cotton-velvet-upholstery-swatches,,"Custom Living Collection, Upholstered Bed Collections","pumice, mushroom, eucalyptus, dusty-mauve, wave"
Vallarta Vase,$83.30 (was $119),"Sophisticated yet subtle, this ceramic vase blends sculptural lines with shades of light terracotta. Traditional shapes meet timeless style in this sculptural vase, crafted from locally-sourced clay in shades of light terracotta. Glazed on the inside, this beauty can be styled with or without water. Hand-cast, fired, and glazed by a group of artisans in Mexico, these vases are made in collaboration with Al Centro. From start-to-finish, each one takes days to complete. All made exclusively in a fair trade environment. Note: Due to the nature of the firing process and materials, color variation exists.",https://www.the-citizenry.com/products/vallarta-vase,Artisan,,light terracotta
Mercado Floor Baskets,$145,"A low-profile storage basket handwoven from lightweight, yet durable palm. Meticulously handcrafted from locally-sourced palm leaves and accented with luxe leather handles, this set of low-profile baskets make stashing clutter look good. Designed in a shallow, yet roomy size, these baskets are perfect for storing books, towels, or shoes. And bonus - their short stature makes them easy to slide under your bed or coffee table. Each basket is handcrafted by a cooperative of master artisans in Guerrero, Mexico. All made start-to-finish in a fair trade environment, it takes about three days to complete.",https://www.the-citizenry.com/collections/all/products/mercado-floor-storage-baskets-natural,Artisan,,"natural, Medium, Large, Set of 2 - M&L, Natural or Natural & Black"
